date,open,high,low,close,volume
2017-08-18 18:00:00+00:00,4171.17,4297.75,4117.41,4117.41,25.31
2017-08-18 19:00:00+00:00,4086.28,4136.47,4015.7,4136.28,60.59
2017-08-18 20:00:00+00:00,4135.0,4135.0,3981.13,4021.11,19.96
2017-08-18 21:00:00+00:00,4015.4,4015.4,3938.77,3975.69,14.73
2017-08-18 22:00:00+00:00,3996.92,4131.83,3938.77,4113.75,29.9
2017-08-18 23:00:00+00:00,4106.35,4136.47,4085.88,4108.37,44.93
2017-08-19 00:00:00+00:00,4108.37,4178.31,4084.28,4163.49,41.3
2017-08-19 01:00:00+00:00,4163.49,4184.68,4143.1,4148.53,28.83
2017-08-19 02:00:00+00:00,4148.53,4184.0,4148.53,4156.39,18.75
2017-08-19 03:00:00+00:00,4180.0,4180.0,4103.52,4138.55,19.61
2017-08-19 04:00:00+00:00,4138.5,4156.0,4046.26,4068.26,17.35
2017-08-19 05:00:00+00:00,4123.95,4123.95,4027.83,4077.0,12.51
2017-08-19 06:00:00+00:00,4077.0,4082.0,3986.87,3986.87,51.45
2017-08-19 07:00:00+00:00,3969.12,4033.47,3933.21,4033.47,31.42
2017-08-19 08:00:00+00:00,4033.47,4064.84,3964.08,3999.0,18.0
2017-08-19 09:00:00+00:00,3999.0,4082.25,3999.0,4068.2,5.18
2017-08-19 10:00:00+00:00,4054.0,4082.0,3982.08,4000.58,5.88
2017-08-19 11:00:00+00:00,4016.0,4033.0,3850.0,3957.6,48.17
2017-08-19 12:00:00+00:00,3945.12,4095.0,3928.89,4095.0,22.23
2017-08-19 13:00:00+00:00,4095.0,4100.0,4035.49,4039.84,12.7
2017-08-19 14:00:00+00:00,4066.0,4068.31,4013.7,4042.41,4.33
2017-08-19 15:00:00+00:00,4036.59,4063.44,3964.67,3972.05,8.24
2017-08-19 16:00:00+00:00,4036.19,4049.69,3953.4,4000.0,4.08
2017-08-19 17:00:00+00:00,3985.0,4048.99,3976.72,4027.37,3.06
2017-08-19 18:00:00+00:00,4013.69,4096.0,4013.69,4086.29,17.14
2017-08-19 19:00:00+00:00,4073.47,4103.92,4073.47,4076.12,1.62
2017-08-19 20:00:00+00:00,4088.71,4103.92,4051.47,4075.98,2.98
2017-08-19 21:00:00+00:00,4075.98,4149.99,4074.23,4074.23,3.95
2017-08-19 22:00:00+00:00,4090.0,4141.0,4090.0,4139.97,2.35
2017-08-19 23:00:00+00:00,4120.78,4139.97,4120.78,4139.97,0.05
2017-08-20 00:00:00+00:00,4120.97,4139.97,4044.0,4086.09,2.34
2017-08-20 01:00:00+00:00,4086.09,4086.09,4052.82,4082.53,1.06
2017-08-20 02:00:00+00:00,4096.33,4124.68,4082.62,4124.68,2.85
2017-08-20 03:00:00+00:00,4111.26,4111.26,4094.62,4094.62,0.34
2017-08-20 04:00:00+00:00,4094.62,4094.62,4091.8,4093.0,0.8
2017-08-20 05:00:00+00:00,4087.0,4142.16,4087.0,4117.41,10.74
2017-08-20 06:00:00+00:00,4117.41,4117.41,4081.19,4115.41,2.91
2017-08-20 07:00:00+00:00,4081.4,4156.56,4081.4,4155.87,14.13
2017-08-20 08:00:00+00:00,4155.87,4211.08,4032.62,4184.72,17.39
2017-08-20 09:00:00+00:00,4155.0,4158.6,4155.0,4155.0,0.39
2017-08-20 10:00:00+00:00,4140.0,4142.41,4109.84,4142.41,0.94
2017-08-20 11:00:00+00:00,4104.68,4125.43,4080.0,4106.53,17.28
2017-08-20 12:00:00+00:00,4106.53,4125.43,4080.0,4108.47,2.76
2017-08-20 13:00:00+00:00,4125.0,4125.0,4063.35,4063.35,1.25
2017-08-20 14:00:00+00:00,4096.32,4096.32,4068.5,4096.32,1.46
2017-08-20 15:00:00+00:00,4100.0,4125.0,4100.0,4125.0,23.62
2017-08-20 16:00:00+00:00,4125.0,4150.0,4091.59,4131.46,23.36
2017-08-20 17:00:00+00:00,4131.46,4138.07,4101.39,4129.0,49.21
2017-08-20 18:00:00+00:00,4129.32,4158.6,4116.0,4154.56,48.08
2017-08-20 19:00:00+00:00,4154.56,4185.93,4144.85,4164.6,49.32
2017-08-20 20:00:00+00:00,4161.59,4171.62,4116.0,4140.93,53.43
2017-08-20 21:00:00+00:00,4140.93,4156.56,4128.75,4150.0,35.72
2017-08-20 22:00:00+00:00,4162.59,4169.97,4132.31,4169.97,38.09
2017-08-20 23:00:00+00:00,4151.14,4171.62,4069.13,4086.29,69.47
2017-08-21 00:00:00+00:00,4069.13,4119.62,4062.78,4108.28,53.09
2017-08-21 01:00:00+00:00,4108.28,4114.85,4080.66,4094.6,55.96
2017-08-21 02:00:00+00:00,4094.6,4109.26,4039.0,4079.94,58.96
2017-08-21 03:00:00+00:00,4079.94,4104.68,4048.74,4084.76,52.81
2017-08-21 04:00:00+00:00,4079.26,4104.68,4047.75,4104.68,39.49
2017-08-21 05:00:00+00:00,4104.68,4104.68,4011.02,4016.9,67.18
2017-08-21 06:00:00+00:00,4011.04,4032.01,3953.4,3982.96,66.69
2017-08-21 07:00:00+00:00,3982.96,4055.92,3970.63,4043.63,49.2
2017-08-21 08:00:00+00:00,4043.63,4055.92,4010.78,4036.3,54.91
2017-08-21 09:00:00+00:00,4036.3,4077.07,4035.82,4074.0,3.9
2017-08-21 10:00:00+00:00,4066.0,4088.12,4066.0,4088.1,5.09
2017-08-21 11:00:00+00:00,4063.0,4063.0,4000.01,4023.11,14.97
2017-08-21 12:00:00+00:00,4023.11,4023.11,4000.0,4000.0,6.47
2017-08-21 13:00:00+00:00,4000.0,4023.11,3934.43,3951.49,22.2
2017-08-21 14:00:00+00:00,3914.59,4023.11,3911.79,3989.17,7.69
2017-08-21 15:00:00+00:00,3967.5,4022.0,3920.55,4022.0,7.38
2017-08-21 16:00:00+00:00,4005.99,4029.05,3951.26,4029.05,7.31
2017-08-21 17:00:00+00:00,4019.99,4029.06,3951.26,4016.2,5.07
2017-08-21 18:00:00+00:00,3997.57,4029.06,3918.8,3918.8,3.88
2017-08-21 19:00:00+00:00,3918.8,4042.11,3918.8,4027.05,8.19
2017-08-21 20:00:00+00:00,4027.05,4042.11,3950.0,4025.04,32.1
2017-08-21 21:00:00+00:00,4025.04,4070.49,4007.51,4039.1,39.35
2017-08-21 22:00:00+00:00,4039.1,4041.23,4008.63,4041.1,18.79
2017-08-21 23:00:00+00:00,4025.0,4031.87,3987.5,4016.0,10.96
2017-08-22 00:00:00+00:00,4016.0,4016.0,3789.95,3790.0,60.33
2017-08-22 01:00:00+00:00,3790.0,3890.51,3688.97,3700.0,30.12
2017-08-22 02:00:00+00:00,3700.0,3849.98,3689.0,3849.98,8.33
2017-08-22 03:00:00+00:00,3822.5,3862.39,3802.53,3862.39,15.88
2017-08-22 04:00:00+00:00,3863.0,3868.57,3450.98,3500.8,28.66
2017-08-22 05:00:00+00:00,3500.8,3695.62,3400.0,3626.99,14.49
2017-08-22 06:00:00+00:00,3619.95,3854.46,3619.95,3803.0,62.09
2017-08-22 07:00:00+00:00,3803.0,3803.0,3733.8,3798.08,61.95
2017-08-22 08:00:00+00:00,3798.08,3805.76,3750.08,3794.12,36.86
2017-08-22 09:00:00+00:00,3794.12,3920.31,3775.01,3904.56,76.17
2017-08-22 10:00:00+00:00,3904.56,3904.56,3826.12,3844.08,59.32
2017-08-22 11:00:00+00:00,3844.07,3905.56,3841.18,3866.48,49.36
2017-08-22 12:00:00+00:00,3866.48,3990.12,3853.53,3934.01,75.78
2017-08-22 13:00:00+00:00,3949.01,3964.75,3874.35,3920.99,38.62
2017-08-22 14:00:00+00:00,3874.38,3920.99,3786.81,3849.0,26.18
2017-08-22 15:00:00+00:00,3829.5,3921.63,3810.07,3858.23,38.76
2017-08-22 16:00:00+00:00,3858.23,3952.89,3853.47,3905.84,34.77
2017-08-22 17:00:00+00:00,3905.84,3998.99,3888.79,3943.0,45.27
2017-08-22 18:00:00+00:00,3944.0,4104.82,3944.0,4043.76,45.13
2017-08-22 19:00:00+00:00,4071.22,4101.24,3984.23,3984.24,34.34
2017-08-22 20:00:00+00:00,3984.5,4061.54,3953.13,3960.29,30.51
2017-08-22 21:00:00+00:00,3960.29,4038.96,3946.67,3946.67,21.28
2017-08-22 22:00:00+00:00,3999.96,4046.11,3944.04,4002.0,31.26
2017-08-22 23:00:00+00:00,4009.1,4045.0,3944.03,4040.0,41.08
2017-08-23 00:00:00+00:00,4040.0,4077.18,4013.89,4036.0,23.85
2017-08-23 01:00:00+00:00,4048.1,4100.0,4035.38,4100.0,46.57
2017-08-23 02:00:00+00:00,4101.53,4127.99,4049.74,4083.72,45.83
2017-08-23 03:00:00+00:00,4083.72,4126.99,4050.04,4100.41,43.39
2017-08-23 04:00:00+00:00,4084.54,4115.87,4054.01,4083.6,37.86
2017-08-23 05:00:00+00:00,4084.0,4110.0,4053.18,4053.18,32.81
2017-08-23 06:00:00+00:00,4064.0,4099.99,4035.32,4080.0,35.94
2017-08-23 07:00:00+00:00,4089.45,4098.88,4052.49,4074.88,35.2
2017-08-23 08:00:00+00:00,4081.63,4124.0,4057.0,4124.0,37.69
2017-08-23 09:00:00+00:00,4123.88,4242.32,4100.14,4203.12,40.18
2017-08-23 10:00:00+00:00,4208.1,4228.02,4188.63,4228.02,24.06
2017-08-23 11:00:00+00:00,4203.12,4237.99,4174.09,4237.99,33.08
2017-08-23 12:00:00+00:00,4205.97,4265.8,4174.0,4215.68,62.63
2017-08-23 13:00:00+00:00,4215.68,4230.92,4155.0,4211.0,81.24
2017-08-23 14:00:00+00:00,4166.89,4212.29,4154.51,4174.0,58.31
2017-08-23 15:00:00+00:00,4174.0,4226.95,4150.64,4197.05,35.15
2017-08-23 16:00:00+00:00,4226.93,4259.58,4197.05,4210.03,71.14
2017-08-23 17:00:00+00:00,4220.56,4231.0,4166.27,4166.27,39.17
2017-08-23 18:00:00+00:00,4166.27,4191.71,4135.38,4143.37,31.86
2017-08-23 19:00:00+00:00,4143.37,4168.89,4103.51,4117.07,32.45
2017-08-23 20:00:00+00:00,4136.47,4136.47,4073.41,4118.39,42.75
2017-08-23 21:00:00+00:00,4105.25,4178.64,4090.0,4090.0,41.06
2017-08-23 22:00:00+00:00,4090.0,4152.0,4069.8,4114.2,27.13
2017-08-23 23:00:00+00:00,4151.88,4169.99,4113.79,4114.01,41.65
2017-08-24 00:00:00+00:00,4147.0,4154.55,4114.08,4131.0,30.11
2017-08-24 01:00:00+00:00,4132.0,4195.0,4113.89,4140.91,30.56
2017-08-24 02:00:00+00:00,4141.88,4204.55,4131.92,4131.92,27.82
2017-08-24 03:00:00+00:00,4146.97,4163.59,4085.01,4113.58,35.01
2017-08-24 04:00:00+00:00,4113.58,4148.18,4090.39,4113.97,32.24
2017-08-24 05:00:00+00:00,4113.97,4177.64,4113.49,4132.09,28.15
2017-08-24 06:00:00+00:00,4132.09,4177.18,4131.91,4133.42,29.92
2017-08-24 07:00:00+00:00,4153.97,4173.99,4133.41,4153.32,32.85
2017-08-24 08:00:00+00:00,4153.8,4206.88,4153.32,4200.0,32.27
2017-08-24 09:00:00+00:00,4200.0,4224.0,4150.0,4165.01,38.91
2017-08-24 10:00:00+00:00,4166.0,4250.93,4165.01,4173.97,66.49
2017-08-24 11:00:00+00:00,4173.97,4215.74,4166.67,4202.0,33.8
2017-08-24 12:00:00+00:00,4211.78,4224.64,4136.33,4150.89,31.36
2017-08-24 13:00:00+00:00,4167.68,4184.47,4148.78,4157.74,38.64
2017-08-24 14:00:00+00:00,4173.1,4250.89,4157.74,4221.0,52.31
2017-08-24 15:00:00+00:00,4235.89,4250.78,4196.01,4222.0,24.68
2017-08-24 16:00:00+00:00,4223.06,4250.71,4207.85,4215.0,29.31
2017-08-24 17:00:00+00:00,4225.5,4236.0,4178.22,4188.18,27.54
2017-08-24 18:00:00+00:00,4188.18,4221.0,4179.22,4221.0,28.0
2017-08-24 19:00:00+00:00,4234.0,4250.77,4206.6,4216.07,26.72
2017-08-24 20:00:00+00:00,4216.1,4245.0,4193.17,4193.5,22.59
2017-08-24 21:00:00+00:00,4208.1,4234.0,4205.87,4207.0,23.74
2017-08-24 22:00:00+00:00,4207.0,4330.6,4206.1,4326.22,28.53
2017-08-24 23:00:00+00:00,4326.24,4371.68,4297.76,4316.01,35.77
2017-08-25 00:00:00+00:00,4316.01,4369.0,4310.59,4366.0,48.18
2017-08-25 01:00:00+00:00,4368.0,4370.0,4328.58,4333.01,36.7
2017-08-25 02:00:00+00:00,4333.01,4363.71,4328.58,4363.71,27.69
2017-08-25 03:00:00+00:00,4346.14,4363.71,4295.75,4312.68,28.51
2017-08-25 04:00:00+00:00,4312.68,4362.0,4310.2,4310.2,30.47
2017-08-25 05:00:00+00:00,4296.63,4340.0,4281.04,4281.04,17.86
2017-08-25 06:00:00+00:00,4294.79,4333.96,4267.5,4302.72,31.83
2017-08-25 07:00:00+00:00,4302.72,4335.0,4300.0,4329.0,21.32
2017-08-25 08:00:00+00:00,4317.81,4354.35,4316.54,4332.17,21.36
2017-08-25 09:00:00+00:00,4332.17,4352.0,4332.17,4344.56,12.23
2017-08-25 10:00:00+00:00,4344.56,4344.56,4298.74,4314.33,15.03
2017-08-25 11:00:00+00:00,4331.67,4361.28,4313.0,4361.27,25.79
2017-08-25 12:00:00+00:00,4361.27,4361.27,4261.13,4309.68,110.99
2017-08-25 13:00:00+00:00,4311.68,4345.0,4297.66,4312.0,20.8
2017-08-25 14:00:00+00:00,4303.82,4340.0,4291.52,4305.0,10.61
2017-08-25 15:00:00+00:00,4321.5,4422.29,4321.5,4394.35,21.79
2017-08-25 16:00:00+00:00,4394.35,4453.91,4375.29,4447.31,17.78
2017-08-25 17:00:00+00:00,4414.01,4424.99,4372.29,4402.32,15.89
2017-08-25 18:00:00+00:00,4409.43,4449.43,4388.88,4449.43,9.3
2017-08-25 19:00:00+00:00,4406.35,4420.0,4284.1,4307.17,9.41
2017-08-25 20:00:00+00:00,4326.0,4326.0,4247.47,4286.29,11.55
2017-08-25 21:00:00+00:00,4286.29,4336.13,4250.08,4288.99,9.57
2017-08-25 22:00:00+00:00,4288.99,4365.0,4288.99,4303.37,8.95
2017-08-25 23:00:00+00:00,4304.02,4343.18,4280.68,4280.68,9.87
2017-08-26 00:00:00+00:00,4280.71,4315.0,4274.33,4281.0,5.19
2017-08-26 01:00:00+00:00,4305.5,4315.0,4282.0,4284.0,4.25
2017-08-26 02:00:00+00:00,4284.0,4305.75,4260.62,4266.04,14.61
2017-08-26 03:00:00+00:00,4245.01,4297.93,4228.99,4297.93,17.56
2017-08-26 04:00:00+00:00,4297.93,4297.93,4271.51,4297.93,0.54
2017-08-26 05:00:00+00:00,4297.93,4319.67,4252.43,4295.75,16.85
2017-08-26 06:00:00+00:00,4307.72,4319.7,4280.81,4319.7,8.94
2017-08-26 07:00:00+00:00,4308.82,4319.7,4297.93,4319.7,2.36
2017-08-26 08:00:00+00:00,4319.7,4319.7,4318.74,4319.7,1.61
2017-08-26 09:00:00+00:00,4318.74,4318.74,4260.88,4274.84,14.72
2017-08-26 10:00:00+00:00,4289.12,4317.99,4289.12,4292.8,6.29
2017-08-26 11:00:00+00:00,4307.5,4317.99,4287.79,4288.72,13.52
2017-08-26 12:00:00+00:00,4288.72,4306.74,4234.42,4243.97,15.68
2017-08-26 13:00:00+00:00,4260.41,4295.0,4221.14,4261.89,9.43
2017-08-26 14:00:00+00:00,4258.53,4274.0,4242.04,4274.0,4.29
2017-08-26 15:00:00+00:00,4274.0,4275.0,4246.96,4275.0,5.23
2017-08-26 16:00:00+00:00,4275.0,4275.0,4212.41,4265.97,10.51
2017-08-26 17:00:00+00:00,4265.97,4272.99,4230.02,4255.18,8.88
2017-08-26 18:00:00+00:00,4255.18,4273.0,4236.51,4272.0,5.58
2017-08-26 19:00:00+00:00,4272.0,4351.32,4258.51,4293.52,22.45
2017-08-26 20:00:00+00:00,4293.52,4335.06,4279.0,4333.56,10.69
2017-08-26 21:00:00+00:00,4345.0,4345.0,4288.1,4313.97,12.21
2017-08-26 22:00:00+00:00,4323.06,4330.0,4288.09,4300.0,8.4
2017-08-26 23:00:00+00:00,4288.1,4367.0,4288.09,4337.43,8.2
2017-08-27 00:00:00+00:00,4332.51,4368.2,4315.52,4354.0,18.54
2017-08-27 01:00:00+00:00,4339.0,4383.03,4338.93,4379.32,19.41
2017-08-27 02:00:00+00:00,4379.5,4400.0,4368.1,4368.1,10.68
2017-08-27 03:00:00+00:00,4379.24,4379.24,4314.91,4314.91,14.34
2017-08-27 04:00:00+00:00,4329.18,4370.85,4303.02,4328.0,12.73
2017-08-27 05:00:00+00:00,4328.0,4342.18,4293.42,4320.52,13.12
2017-08-27 06:00:00+00:00,4314.89,4344.89,4314.89,4314.89,13.07
2017-08-27 07:00:00+00:00,4335.1,4342.96,4298.75,4313.84,8.53
2017-08-27 08:00:00+00:00,4331.29,4352.34,4302.12,4302.14,16.11
2017-08-27 09:00:00+00:00,4323.89,4345.81,4302.1,4320.81,12.86
2017-08-27 10:00:00+00:00,4330.0,4330.0,4285.56,4302.72,13.82
2017-08-27 11:00:00+00:00,4323.87,4344.99,4285.8,4323.37,14.33
2017-08-27 12:00:00+00:00,4340.0,4340.0,4298.66,4298.66,11.0
2017-08-27 13:00:00+00:00,4314.1,4333.68,4285.54,4312.68,11.89
2017-08-27 14:00:00+00:00,4312.68,4324.35,4295.89,4312.18,5.18
2017-08-27 15:00:00+00:00,4312.18,4335.0,4295.28,4325.0,7.19
2017-08-27 16:00:00+00:00,4290.01,4339.99,4290.01,4306.0,10.84
2017-08-27 17:00:00+00:00,4339.99,4370.92,4306.01,4340.0,21.11
2017-08-27 18:00:00+00:00,4369.0,4370.92,4335.0,4368.41,5.62
2017-08-27 19:00:00+00:00,4370.42,4386.78,4327.62,4368.41,34.52
2017-08-27 20:00:00+00:00,4336.12,4386.79,4336.12,4345.0,29.23
2017-08-27 21:00:00+00:00,4386.0,4386.0,4336.09,4370.0,16.74
2017-08-27 22:00:00+00:00,4350.0,4371.42,4315.16,4315.16,11.03
2017-08-27 23:00:00+00:00,4367.39,4367.39,4309.6,4310.01,18.68
2017-08-28 00:00:00+00:00,4310.01,4326.99,4282.2,4282.2,29.53
2017-08-28 01:00:00+00:00,4282.2,4317.2,4265.45,4280.04,26.81
2017-08-28 02:00:00+00:00,4280.04,4330.35,4258.78,4295.0,7.8
2017-08-28 03:00:00+00:00,4295.0,4310.0,4239.35,4239.37,9.13
2017-08-28 04:00:00+00:00,4239.35,4252.76,4124.54,4227.0,39.35
2017-08-28 05:00:00+00:00,4251.92,4251.92,4150.1,4169.01,21.49
2017-08-28 06:00:00+00:00,4223.8,4282.07,4199.01,4221.04,16.85
2017-08-28 07:00:00+00:00,4221.04,4297.1,4207.42,4261.89,16.69
2017-08-28 08:00:00+00:00,4261.89,4305.0,4239.14,4252.7,22.83
2017-08-28 09:00:00+00:00,4252.7,4298.83,4226.93,4227.0,18.0
2017-08-28 10:00:00+00:00,4240.0,4317.21,4240.0,4290.77,36.98
2017-08-28 11:00:00+00:00,4290.77,4365.39,4288.07,4308.0,43.89
2017-08-28 12:00:00+00:00,4309.0,4347.0,4271.85,4280.0,34.09
2017-08-28 13:00:00+00:00,4280.0,4347.0,4279.82,4347.0,20.36
2017-08-28 14:00:00+00:00,4295.32,4320.89,4279.82,4291.13,32.23
2017-08-28 15:00:00+00:00,4291.13,4315.0,4271.03,4273.59,35.16
2017-08-28 16:00:00+00:00,4317.2,4341.99,4273.59,4322.64,23.26
2017-08-28 17:00:00+00:00,4322.64,4370.45,4313.66,4324.67,41.91
2017-08-28 18:00:00+00:00,4324.64,4362.99,4307.22,4312.7,18.66
2017-08-28 19:00:00+00:00,4312.68,4361.37,4312.68,4321.64,23.37
2017-08-28 20:00:00+00:00,4321.64,4339.8,4290.18,4312.43,13.37
2017-08-28 21:00:00+00:00,4312.43,4349.97,4312.43,4331.47,20.51
2017-08-28 22:00:00+00:00,4346.76,4399.82,4331.45,4353.32,22.74
2017-08-28 23:00:00+00:00,4353.32,4386.68,4350.7,4386.68,28.7
2017-08-29 00:00:00+00:00,4353.64,4386.68,4331.46,4349.43,20.28
2017-08-29 01:00:00+00:00,4349.43,4386.68,4331.47,4349.54,20.22
2017-08-29 02:00:00+00:00,4349.55,4359.99,4314.35,4314.78,17.14
2017-08-29 03:00:00+00:00,4359.99,4383.99,4315.93,4376.99,21.2
2017-08-29 04:00:00+00:00,4363.47,4383.97,4358.5,4363.16,27.49
2017-08-29 05:00:00+00:00,4363.16,4404.05,4343.49,4356.76,30.53
2017-08-29 06:00:00+00:00,4356.76,4389.49,4343.47,4363.21,30.45
2017-08-29 07:00:00+00:00,4389.43,4404.07,4313.55,4329.02,39.97
2017-08-29 08:00:00+00:00,4328.12,4382.99,4328.12,4352.52,25.94
2017-08-29 09:00:00+00:00,4352.52,4379.99,4329.59,4367.39,30.62
2017-08-29 10:00:00+00:00,4367.39,4368.47,4329.57,4346.85,11.08
2017-08-29 11:00:00+00:00,4346.85,4417.6,4333.2,4368.5,20.39
2017-08-29 12:00:00+00:00,4368.5,4436.93,4347.59,4408.08,41.23
2017-08-29 13:00:00+00:00,4417.07,4625.85,4408.09,4580.0,34.37
2017-08-29 14:00:00+00:00,4581.6,4599.96,4530.87,4545.87,19.22
2017-08-29 15:00:00+00:00,4545.85,4597.97,4545.75,4570.0,33.93
2017-08-29 16:00:00+00:00,4569.64,4584.0,4503.92,4503.92,30.89
2017-08-29 17:00:00+00:00,4505.0,4555.55,4496.95,4555.55,36.1
2017-08-29 18:00:00+00:00,4533.47,4555.54,4511.45,4536.63,25.69
2017-08-29 19:00:00+00:00,4536.64,4555.55,4521.01,4555.55,34.53
2017-08-29 20:00:00+00:00,4540.0,4597.0,4535.09,4577.54,13.58
2017-08-29 21:00:00+00:00,4563.5,4624.99,4550.09,4618.93,25.89
2017-08-29 22:00:00+00:00,4618.92,4618.92,4564.77,4591.88,4.53
2017-08-29 23:00:00+00:00,4590.0,4619.6,4564.81,4587.47,8.17
2017-08-30 00:00:00+00:00,4564.52,4599.78,4527.45,4575.22,26.27
2017-08-30 01:00:00+00:00,4576.22,4619.99,4576.22,4597.55,45.78
2017-08-30 02:00:00+00:00,4597.54,4615.55,4565.33,4604.12,25.84
2017-08-30 03:00:00+00:00,4586.66,4618.3,4582.6,4583.6,21.52
2017-08-30 04:00:00+00:00,4600.0,4625.0,4579.6,4579.6,44.07
2017-08-30 05:00:00+00:00,4599.52,4617.0,4558.89,4590.49,34.41
2017-08-30 06:00:00+00:00,4590.49,4647.51,4575.55,4588.0,39.34
2017-08-30 07:00:00+00:00,4588.0,4632.0,4550.01,4550.02,31.72
2017-08-30 08:00:00+00:00,4550.0,4597.0,4542.42,4552.68,22.72
2017-08-30 09:00:00+00:00,4566.35,4589.77,4482.0,4482.0,30.34
2017-08-30 10:00:00+00:00,4502.17,4538.09,4416.01,4477.1,80.92
2017-08-30 11:00:00+00:00,4538.09,4569.0,4470.22,4498.35,42.15
2017-08-30 12:00:00+00:00,4537.0,4592.76,4416.16,4570.0,52.59
2017-08-30 13:00:00+00:00,4561.06,4588.0,4532.5,4585.31,40.35
2017-08-30 14:00:00+00:00,4584.0,4589.67,4531.47,4558.16,33.24
2017-08-30 15:00:00+00:00,4549.08,4575.18,4516.95,4546.77,36.81
2017-08-30 16:00:00+00:00,4555.0,4598.08,4546.74,4589.99,28.32
2017-08-30 17:00:00+00:00,4546.75,4600.0,4546.74,4600.0,21.98
2017-08-30 18:00:00+00:00,4590.01,4609.92,4556.0,4556.0,13.83
2017-08-30 19:00:00+00:00,4554.07,4574.3,4532.8,4536.82,20.69
2017-08-30 20:00:00+00:00,4536.82,4571.87,4516.87,4547.74,17.61
2017-08-30 21:00:00+00:00,4547.74,4565.0,4531.53,4547.26,24.53
2017-08-30 22:00:00+00:00,4561.68,4579.91,4547.24,4547.89,32.28
2017-08-30 23:00:00+00:00,4547.91,4579.85,4547.81,4555.14,41.04
2017-08-31 00:00:00+00:00,4555.14,4579.99,4555.14,4569.66,33.39
2017-08-31 01:00:00+00:00,4579.99,4605.99,4569.64,4574.8,27.07
2017-08-31 02:00:00+00:00,4574.8,4600.0,4569.6,4596.54,32.12
2017-08-31 03:00:00+00:00,4596.54,4606.0,4592.18,4593.66,17.06
2017-08-31 04:00:00+00:00,4596.54,4609.0,4586.49,4591.56,38.73
2017-08-31 05:00:00+00:00,4592.92,4628.12,4578.17,4598.54,10.51
2017-08-31 06:00:00+00:00,4600.0,4613.0,4572.99,4572.99,32.27
2017-08-31 07:00:00+00:00,4572.99,4603.34,4572.64,4592.16,21.47
2017-08-31 08:00:00+00:00,4603.58,4615.0,4578.0,4586.51,24.18
2017-08-31 09:00:00+00:00,4572.64,4613.6,4572.64,4583.02,22.89
2017-08-31 10:00:00+00:00,4596.52,4678.57,4583.02,4632.96,32.97
2017-08-31 11:00:00+00:00,4632.97,4675.0,4631.41,4656.67,31.82
2017-08-31 12:00:00+00:00,4674.97,4674.97,4631.41,4673.87,43.41
2017-08-31 13:00:00+00:00,4673.87,4685.55,4632.87,4685.55,24.89
2017-08-31 14:00:00+00:00,4685.55,4685.55,4649.68,4685.55,20.19
2017-08-31 15:00:00+00:00,4657.76,4685.17,4648.82,4648.82,18.49
2017-08-31 16:00:00+00:00,4648.82,4685.56,4638.97,4684.97,16.27
2017-08-31 17:00:00+00:00,4684.97,4684.97,4638.97,4650.55,7.15
2017-08-31 18:00:00+00:00,4683.89,4717.45,4650.56,4700.13,18.48
2017-08-31 19:00:00+00:00,4703.02,4745.42,4678.78,4698.77,24.88
2017-08-31 20:00:00+00:00,4688.47,4717.42,4673.1,4673.14,13.14
2017-08-31 21:00:00+00:00,4685.5,4724.71,4666.84,4724.71,16.74
2017-08-31 22:00:00+00:00,4685.03,4700.0,4666.84,4697.0,16.74
2017-08-31 23:00:00+00:00,4699.0,4724.89,4683.35,4724.89,12.0
2017-09-01 00:00:00+00:00,4689.89,4745.35,4689.89,4721.05,15.71
2017-09-01 01:00:00+00:00,4730.05,4766.99,4701.1,4725.0,28.11
2017-09-01 02:00:00+00:00,4740.99,4767.0,4723.0,4735.96,15.14
2017-09-01 03:00:00+00:00,4767.0,4767.0,4713.67,4714.72,16.68
2017-09-01 04:00:00+00:00,4714.72,4734.99,4672.0,4672.0,40.82
2017-09-01 05:00:00+00:00,4672.0,4688.96,4654.88,4664.14,8.74
2017-09-01 06:00:00+00:00,4664.14,4696.99,4656.3,4666.66,14.17
2017-09-01 07:00:00+00:00,4666.66,4713.8,4666.66,4707.5,37.48
2017-09-01 08:00:00+00:00,4715.0,4762.99,4708.09,4749.99,35.02
2017-09-01 09:00:00+00:00,4731.01,4750.0,4731.0,4742.46,34.77
2017-09-01 10:00:00+00:00,4739.33,4778.18,4735.97,4761.42,27.3
2017-09-01 11:00:00+00:00,4761.42,4798.46,4725.88,4775.0,33.86
2017-09-01 12:00:00+00:00,4775.0,4793.0,4736.35,4793.0,8.02
2017-09-01 13:00:00+00:00,4783.0,4839.92,4775.99,4777.02,14.1
2017-09-01 14:00:00+00:00,4777.02,4788.0,4725.81,4725.81,21.6
2017-09-01 15:00:00+00:00,4748.46,4804.12,4746.93,4803.83,25.15
2017-09-01 16:00:00+00:00,4756.46,4803.83,4746.93,4780.8,29.92
2017-09-01 17:00:00+00:00,4776.93,4794.97,4738.93,4792.97,23.41
2017-09-01 18:00:00+00:00,4792.97,4811.82,4739.08,4771.08,18.35
2017-09-01 19:00:00+00:00,4758.67,4815.67,4752.77,4813.24,25.26
2017-09-01 20:00:00+00:00,4808.79,4819.67,4776.14,4819.67,19.79
2017-09-01 21:00:00+00:00,4819.64,4859.43,4770.63,4770.63,23.98
2017-09-01 22:00:00+00:00,4760.01,4857.6,4760.01,4843.17,14.68
2017-09-01 23:00:00+00:00,4844.24,4885.55,4796.16,4834.91,28.51
2017-09-02 00:00:00+00:00,4796.16,4885.55,4784.43,4885.55,21.53
2017-09-02 01:00:00+00:00,4885.55,4932.38,4850.01,4932.38,45.47
2017-09-02 02:00:00+00:00,4932.38,4939.18,4837.49,4839.96,30.98
2017-09-02 03:00:00+00:00,4839.96,4850.0,4764.88,4788.07,47.54
2017-09-02 04:00:00+00:00,4765.01,4814.49,4765.01,4794.1,20.95
2017-09-02 05:00:00+00:00,4797.45,4814.43,4473.35,4473.35,61.95
2017-09-02 06:00:00+00:00,4493.0,4732.85,4473.35,4696.43,66.73
2017-09-02 07:00:00+00:00,4732.85,4780.0,4652.13,4697.71,29.12
2017-09-02 08:00:00+00:00,4701.02,4709.39,4549.78,4628.85,46.81
2017-09-02 09:00:00+00:00,4628.89,4660.29,4549.77,4604.02,34.02
2017-09-02 10:00:00+00:00,4604.01,4654.72,4556.71,4625.56,43.27
2017-09-02 11:00:00+00:00,4634.95,4688.66,4617.95,4630.01,18.11
2017-09-02 12:00:00+00:00,4669.75,4675.0,4516.17,4604.97,46.38
2017-09-02 13:00:00+00:00,4604.97,4637.56,4569.64,4618.39,21.95
2017-09-02 14:00:00+00:00,4618.39,4618.39,4418.22,4483.93,53.05
2017-09-02 15:00:00+00:00,4433.58,4483.62,4354.6,4460.18,65.91
2017-09-02 16:00:00+00:00,4465.12,4508.96,4377.43,4439.0,48.47
2017-09-02 17:00:00+00:00,4443.0,4545.76,4377.43,4530.01,36.5
2017-09-02 18:00:00+00:00,4554.97,4554.97,4480.81,4486.06,31.2
2017-09-02 19:00:00+00:00,4486.06,4509.96,4428.66,4509.77,23.43
2017-09-02 20:00:00+00:00,4509.77,4509.96,4286.87,4351.18,57.06
2017-09-02 21:00:00+00:00,4351.28,4414.59,4286.87,4299.53,25.71
2017-09-02 22:00:00+00:00,4398.49,4492.88,4299.47,4405.0,24.65
2017-09-02 23:00:00+00:00,4439.92,4508.5,4392.72,4472.14,28.24
2017-09-03 00:00:00+00:00,4508.5,4618.38,4508.5,4600.53,29.47
2017-09-03 01:00:00+00:00,4556.71,4609.97,4486.18,4560.0,27.55
2017-09-03 02:00:00+00:00,4545.0,4569.95,4467.88,4568.91,25.62
2017-09-03 03:00:00+00:00,4568.91,4618.39,4555.0,4569.54,29.92
2017-09-03 04:00:00+00:00,4584.78,4714.75,4584.78,4690.79,31.01
2017-09-03 05:00:00+00:00,4697.72,4714.76,4651.18,4675.12,39.94
2017-09-03 06:00:00+00:00,4684.89,4714.33,4605.12,4605.12,21.86
2017-09-03 07:00:00+00:00,4605.12,4658.56,4586.29,4620.87,26.92
2017-09-03 08:00:00+00:00,4610.52,4674.85,4610.52,4621.43,29.75
2017-09-03 09:00:00+00:00,4628.0,4645.84,4502.75,4523.47,37.79
2017-09-03 10:00:00+00:00,4523.47,4554.17,4472.49,4510.09,19.6
2017-09-03 11:00:00+00:00,4508.97,4557.18,4456.8,4486.0,16.05
2017-09-03 12:00:00+00:00,4475.22,4511.0,4415.05,4510.99,23.17
2017-09-03 13:00:00+00:00,4490.03,4557.25,4298.33,4303.1,59.91
2017-09-03 14:00:00+00:00,4303.31,4400.0,4298.33,4399.93,58.22
2017-09-03 15:00:00+00:00,4388.8,4469.14,4351.03,4384.14,28.95
2017-09-03 16:00:00+00:00,4351.02,4475.7,4345.01,4459.1,22.77
2017-09-03 17:00:00+00:00,4459.1,4529.43,4459.1,4476.13,21.94
2017-09-03 18:00:00+00:00,4500.0,4522.45,4425.46,4482.04,38.48
2017-09-03 19:00:00+00:00,4494.16,4530.0,4460.06,4529.0,23.09
2017-09-03 20:00:00+00:00,4529.0,4550.0,4496.18,4505.18,27.45
2017-09-03 21:00:00+00:00,4496.97,4549.0,4445.14,4549.0,18.61
2017-09-03 22:00:00+00:00,4549.0,4583.84,4492.72,4521.18,20.26
2017-09-03 23:00:00+00:00,4496.55,4574.99,4496.52,4509.08,12.78
2017-09-04 00:00:00+00:00,4505.0,4527.49,4431.43,4438.1,18.25
2017-09-04 01:00:00+00:00,4438.1,4460.13,4411.8,4411.81,15.58
2017-09-04 02:00:00+00:00,4411.97,4448.03,4406.0,4408.0,27.71
2017-09-04 03:00:00+00:00,4408.0,4426.67,4340.5,4340.51,19.78
2017-09-04 04:00:00+00:00,4340.53,4460.12,4340.53,4409.64,49.18
2017-09-04 05:00:00+00:00,4410.05,4467.0,4394.97,4402.0,40.73
2017-09-04 06:00:00+00:00,4402.02,4466.89,4396.43,4459.77,27.06
2017-09-04 07:00:00+00:00,4459.77,4493.14,4052.0,4186.96,158.92
2017-09-04 08:00:00+00:00,4102.05,4390.0,4075.0,4351.95,184.92
2017-09-04 09:00:00+00:00,4365.3,4384.14,4274.22,4336.42,85.2
2017-09-04 10:00:00+00:00,4336.85,4437.68,4303.06,4349.22,79.73
2017-09-04 11:00:00+00:00,4349.22,4352.58,4114.33,4153.0,114.81
2017-09-04 12:00:00+00:00,4153.0,4200.01,4106.81,4106.81,60.97
2017-09-04 13:00:00+00:00,4106.81,4311.14,4106.81,4275.18,57.53
2017-09-04 14:00:00+00:00,4275.18,4275.18,4112.27,4120.01,69.49
2017-09-04 15:00:00+00:00,4120.01,4171.0,4014.76,4015.03,88.22
2017-09-04 16:00:00+00:00,4015.03,4115.05,4014.76,4014.83,54.41
2017-09-04 17:00:00+00:00,4015.01,4046.37,3972.52,3972.53,36.94
2017-09-04 18:00:00+00:00,3972.53,4149.97,3972.51,4115.03,30.42
2017-09-04 19:00:00+00:00,4115.03,4224.99,4100.03,4203.67,33.25
2017-09-04 20:00:00+00:00,4187.0,4210.0,4121.02,4197.24,23.21
2017-09-04 21:00:00+00:00,4197.3,4300.95,4190.14,4258.39,41.54
2017-09-04 22:00:00+00:00,4258.39,4258.39,4131.88,4131.88,34.32
2017-09-04 23:00:00+00:00,4131.88,4174.0,4100.1,4100.1,42.35
2017-09-05 00:00:00+00:00,4106.97,4116.08,3901.02,3999.99,74.28
2017-09-05 01:00:00+00:00,3956.58,4121.33,3620.0,3620.0,99.24
2017-09-05 02:00:00+00:00,3659.5,4054.15,3603.0,4054.11,53.83
2017-09-05 03:00:00+00:00,4054.11,4071.83,3943.11,3988.04,59.36
2017-09-05 04:00:00+00:00,3996.24,4070.38,3943.1,4038.01,38.12
2017-09-05 05:00:00+00:00,4038.01,4044.46,3943.12,3960.01,55.23
2017-09-05 06:00:00+00:00,3966.83,4058.27,3960.01,4013.46,56.64
2017-09-05 07:00:00+00:00,4013.46,4190.39,4013.46,4190.39,63.82
2017-09-05 08:00:00+00:00,4190.0,4217.22,4084.74,4086.8,90.4
2017-09-05 09:00:00+00:00,4099.99,4123.0,4050.0,4120.05,65.8
2017-09-05 10:00:00+00:00,4120.39,4188.63,4096.07,4169.76,21.12
2017-09-05 11:00:00+00:00,4170.24,4248.6,4136.87,4246.82,44.77
2017-09-05 12:00:00+00:00,4248.64,4297.63,4220.97,4221.83,69.34
2017-09-05 13:00:00+00:00,4220.97,4277.02,4192.29,4261.04,40.53
2017-09-05 14:00:00+00:00,4267.22,4298.0,4192.3,4229.0,74.44
2017-09-05 15:00:00+00:00,4229.0,4242.06,4116.64,4151.0,60.75
2017-09-05 16:00:00+00:00,4140.0,4219.68,4096.06,4142.68,31.45
2017-09-05 17:00:00+00:00,4180.31,4337.7,4170.66,4322.47,25.6
2017-09-05 18:00:00+00:00,4317.67,4430.0,4294.0,4390.14,38.63
2017-09-05 19:00:00+00:00,4390.43,4459.55,4363.51,4442.47,29.89
2017-09-05 20:00:00+00:00,4442.09,4444.02,4363.5,4431.6,40.57
2017-09-05 21:00:00+00:00,4410.16,4445.72,4351.01,4374.43,28.95
2017-09-05 22:00:00+00:00,4366.77,4430.89,4352.53,4423.46,34.4
2017-09-05 23:00:00+00:00,4427.31,4484.99,4352.54,4366.47,31.65
2017-09-06 00:00:00+00:00,4366.49,4457.18,4365.72,4442.05,42.43
2017-09-06 01:00:00+00:00,4442.05,4521.18,4415.14,4502.83,44.28
2017-09-06 02:00:00+00:00,4502.83,4522.81,4444.24,4446.0,65.3
2017-09-06 03:00:00+00:00,4453.0,4479.95,4414.25,4430.02,35.39
2017-09-06 04:00:00+00:00,4448.1,4466.09,4365.72,4388.47,33.16
2017-09-06 05:00:00+00:00,4365.72,4437.29,4335.26,4416.17,47.48
2017-09-06 06:00:00+00:00,4416.54,4422.35,4335.26,4385.51,30.24
2017-09-06 07:00:00+00:00,4393.5,4505.96,4364.93,4461.29,55.41
2017-09-06 08:00:00+00:00,4476.13,4574.46,4474.2,4513.52,43.46
2017-09-06 09:00:00+00:00,4559.99,4574.46,4487.01,4492.66,37.02
2017-09-06 10:00:00+00:00,4497.81,4538.95,4469.82,4525.39,22.47
2017-09-06 11:00:00+00:00,4535.29,4597.79,4485.01,4548.13,72.32
2017-09-06 12:00:00+00:00,4544.59,4594.89,4490.04,4527.04,124.33
2017-09-06 13:00:00+00:00,4526.46,4547.77,4422.28,4502.77,48.47
2017-09-06 14:00:00+00:00,4490.01,4546.57,4466.2,4517.97,44.92
2017-09-06 15:00:00+00:00,4503.0,4619.47,4488.33,4619.43,43.86
2017-09-06 23:00:00+00:00,4619.43,4662.87,4610.0,4619.77,16.74
2017-09-07 00:00:00+00:00,4619.77,4661.93,4538.1,4599.78,6.28
2017-09-07 01:00:00+00:00,4540.01,4546.68,4451.93,4453.01,15.79
2017-09-07 02:00:00+00:00,4465.64,4527.1,4438.18,4499.95,29.38
2017-09-07 03:00:00+00:00,4507.47,4572.47,4484.03,4484.03,35.71
2017-09-07 04:00:00+00:00,4489.47,4549.52,4482.0,4541.17,18.43
2017-09-07 05:00:00+00:00,4542.35,4561.89,4511.97,4519.47,20.84
2017-09-07 06:00:00+00:00,4519.47,4548.13,4498.39,4498.39,11.89
2017-09-07 07:00:00+00:00,4515.25,4518.81,4452.0,4510.25,14.77
2017-09-07 08:00:00+00:00,4475.01,4561.89,4458.0,4531.07,22.0
2017-09-07 09:00:00+00:00,4539.18,4589.99,4511.89,4571.66,17.93
2017-09-07 10:00:00+00:00,4580.78,4608.43,4557.89,4589.39,27.92
2017-09-07 11:00:00+00:00,4607.16,4649.92,4574.01,4613.93,24.64
2017-09-07 12:00:00+00:00,4616.79,4705.53,4587.64,4674.0,69.92
2017-09-07 13:00:00+00:00,4674.0,4723.32,4665.0,4710.0,34.33
2017-09-07 14:00:00+00:00,4720.32,4743.49,4642.84,4669.81,41.18
2017-09-07 15:00:00+00:00,4669.0,4759.25,4642.97,4755.0,19.76
2017-09-07 16:00:00+00:00,4755.0,4788.59,4672.35,4705.03,25.32
2017-09-07 17:00:00+00:00,4749.89,4771.97,4680.01,4702.06,11.46
2017-09-07 18:00:00+00:00,4711.25,4727.93,4688.0,4713.67,8.08
2017-09-07 19:00:00+00:00,4720.13,4759.99,4680.01,4754.21,7.25
2017-09-07 20:00:00+00:00,4716.6,4716.6,4620.0,4620.0,12.9
2017-09-07 21:00:00+00:00,4620.0,4641.13,4586.13,4641.13,10.29
2017-09-07 22:00:00+00:00,4632.0,4752.12,4609.04,4670.45,8.16
2017-09-07 23:00:00+00:00,4710.0,4737.21,4690.01,4691.6,6.1
2017-09-08 00:00:00+00:00,4691.66,4735.39,4586.13,4614.49,23.59
2017-09-08 01:00:00+00:00,4616.68,4636.79,4587.03,4601.01,6.3
2017-09-08 02:00:00+00:00,4634.93,4653.49,4606.01,4640.97,3.44
2017-09-08 03:00:00+00:00,4640.96,4641.99,4605.02,4605.05,12.55
2017-09-08 04:00:00+00:00,4633.47,4633.47,4605.03,4605.03,6.57
2017-09-08 05:00:00+00:00,4611.85,4630.7,4605.02,4622.0,8.9
2017-09-08 06:00:00+00:00,4608.0,4630.66,4587.08,4609.46,17.76
2017-09-08 07:00:00+00:00,4621.45,4630.7,4612.21,4619.01,11.58
2017-09-08 08:00:00+00:00,4625.35,4683.77,4620.0,4683.77,8.98
2017-09-08 09:00:00+00:00,4683.77,4699.77,4646.91,4660.72,10.17
2017-09-08 10:00:00+00:00,4650.54,4660.75,4611.47,4659.99,8.26
2017-09-08 11:00:00+00:00,4650.33,4660.0,4626.22,4647.53,8.87
2017-09-08 12:00:00+00:00,4653.92,4690.83,4647.0,4647.01,9.9
2017-09-08 13:00:00+00:00,4655.68,4655.68,4298.39,4353.05,118.9
2017-09-08 14:00:00+00:00,4372.45,4398.6,4028.93,4238.12,263.19
2017-09-08 15:00:00+00:00,4236.77,4375.6,4135.87,4348.64,100.15
2017-09-08 16:00:00+00:00,4330.68,4396.49,4259.63,4267.01,90.5
2017-09-08 17:00:00+00:00,4263.49,4332.22,4202.35,4238.0,48.01
2017-09-08 18:00:00+00:00,4243.78,4301.39,4234.27,4277.17,47.24
2017-09-08 19:00:00+00:00,4273.66,4284.6,4190.0,4190.01,39.36
2017-09-08 20:00:00+00:00,4195.87,4216.8,4117.72,4183.75,129.61
2017-09-08 21:00:00+00:00,4183.88,4206.0,4060.0,4158.32,73.77
2017-09-08 22:00:00+00:00,4158.38,4286.0,4144.59,4285.99,46.99
2017-09-08 23:00:00+00:00,4285.99,4334.14,4259.89,4282.8,37.55
2017-09-09 00:00:00+00:00,4282.8,4338.28,4235.6,4261.93,65.0
2017-09-09 01:00:00+00:00,4261.93,4280.0,4171.5,4180.1,39.15
2017-09-09 02:00:00+00:00,4180.18,4270.64,4150.06,4230.0,64.48
2017-09-09 03:00:00+00:00,4229.46,4306.0,4215.0,4242.01,35.44
2017-09-09 04:00:00+00:00,4254.43,4267.06,4200.02,4250.0,24.23
2017-09-09 05:00:00+00:00,4255.0,4426.62,4250.0,4385.26,56.94
2017-09-09 06:00:00+00:00,4380.01,4400.6,4322.7,4342.99,20.46
2017-09-09 07:00:00+00:00,4342.99,4361.99,4306.0,4321.52,17.63
2017-09-09 08:00:00+00:00,4336.18,4345.38,4292.01,4292.02,5.87
2017-09-09 09:00:00+00:00,4292.0,4337.0,4262.75,4311.71,18.48
2017-09-09 10:00:00+00:00,4320.88,4336.79,4282.07,4282.07,17.69
2017-09-09 11:00:00+00:00,4312.24,4337.0,4312.24,4327.63,17.66
2017-09-09 12:00:00+00:00,4331.82,4382.32,4326.74,4326.8,27.26
2017-09-09 13:00:00+00:00,4336.57,4400.6,4262.75,4300.16,42.81
2017-09-09 14:00:00+00:00,4302.14,4309.99,4245.93,4286.77,24.82
2017-09-09 15:00:00+00:00,4296.29,4305.6,4275.62,4276.0,29.87
2017-09-09 16:00:00+00:00,4276.0,4281.32,4258.49,4258.49,22.25
2017-09-09 17:00:00+00:00,4269.22,4269.22,4210.01,4220.38,16.18
2017-09-09 18:00:00+00:00,4220.38,4233.74,4159.64,4191.78,31.33
2017-09-09 19:00:00+00:00,4192.08,4276.31,4182.92,4253.7,30.61
2017-09-09 20:00:00+00:00,4267.51,4275.43,4253.7,4267.85,11.17
2017-09-09 21:00:00+00:00,4262.05,4273.2,4253.68,4256.5,9.05
2017-09-09 22:00:00+00:00,4257.76,4300.0,4241.25,4273.03,18.04
2017-09-09 23:00:00+00:00,4273.04,4299.97,4258.8,4258.81,12.23
2017-09-10 00:00:00+00:00,4258.81,4279.7,4222.26,4239.0,8.55
2017-09-10 01:00:00+00:00,4238.66,4260.0,4228.08,4230.0,13.79
2017-09-10 02:00:00+00:00,4238.93,4249.39,4110.09,4130.01,25.34
2017-09-10 03:00:00+00:00,4126.06,4166.0,4087.62,4144.0,50.27
2017-09-10 04:00:00+00:00,4144.0,4149.0,4111.68,4119.1,21.57
2017-09-10 05:00:00+00:00,4119.0,4125.99,4027.28,4054.97,77.44
2017-09-10 06:00:00+00:00,4047.49,4054.97,3810.05,3810.05,59.31
2017-09-10 07:00:00+00:00,3810.07,4009.84,3801.0,3988.95,50.3
2017-09-10 08:00:00+00:00,3988.89,4100.0,3963.0,4006.2,36.64
2017-09-10 09:00:00+00:00,4008.03,4082.99,4007.0,4007.01,13.41
2017-09-10 10:00:00+00:00,4007.01,4018.0,3925.0,4002.67,17.0
2017-09-10 11:00:00+00:00,4002.0,4098.79,3900.05,4098.79,38.88
2017-09-10 12:00:00+00:00,4069.43,4100.0,4050.01,4059.99,18.34
2017-09-10 13:00:00+00:00,4060.0,4108.31,4043.17,4108.31,20.83
2017-09-10 14:00:00+00:00,4108.14,4132.0,4072.47,4111.0,28.33
2017-09-10 15:00:00+00:00,4126.99,4135.47,4094.93,4094.93,12.72
2017-09-10 16:00:00+00:00,4086.92,4129.88,4072.45,4129.88,20.46
2017-09-10 17:00:00+00:00,4115.14,4283.0,4115.14,4247.07,54.12
2017-09-10 18:00:00+00:00,4264.87,4282.57,4207.27,4237.66,17.41
2017-09-10 19:00:00+00:00,4237.68,4277.85,4209.02,4274.32,11.9
2017-09-10 20:00:00+00:00,4269.35,4274.32,4213.59,4234.01,9.77
2017-09-10 21:00:00+00:00,4237.89,4241.47,4196.2,4196.2,13.0
2017-09-10 22:00:00+00:00,4188.22,4266.05,4186.87,4239.74,13.31
2017-09-10 23:00:00+00:00,4231.82,4238.2,4100.0,4130.37,27.58
2017-09-11 00:00:00+00:00,4153.62,4176.89,4098.91,4111.1,24.59
2017-09-11 01:00:00+00:00,4109.51,4288.0,4109.51,4260.0,34.31
2017-09-11 02:00:00+00:00,4259.0,4291.97,4193.41,4272.41,54.98
2017-09-11 03:00:00+00:00,4259.59,4334.43,4172.01,4312.05,120.35
2017-09-11 04:00:00+00:00,4320.46,4325.99,4128.97,4169.02,91.35
2017-09-11 05:00:00+00:00,4193.29,4228.38,4101.32,4162.01,40.8
2017-09-11 06:00:00+00:00,4162.49,4244.99,4115.05,4165.0,41.9
2017-09-11 07:00:00+00:00,4168.22,4201.01,4167.89,4178.72,17.15
2017-09-11 08:00:00+00:00,4186.88,4190.96,4115.39,4166.62,18.04
2017-09-11 09:00:00+00:00,4168.57,4198.04,4157.01,4159.7,10.31
2017-09-11 10:00:00+00:00,4174.84,4221.63,4159.71,4176.24,19.52
2017-09-11 11:00:00+00:00,4185.66,4220.33,4162.16,4191.53,21.34
2017-09-11 12:00:00+00:00,4191.54,4206.77,4174.97,4198.99,10.07
2017-09-11 13:00:00+00:00,4198.99,4307.54,4188.81,4260.41,19.97
2017-09-11 14:00:00+00:00,4260.52,4313.18,4250.0,4256.02,31.94
2017-09-11 15:00:00+00:00,4262.62,4269.22,4221.64,4251.29,26.42
2017-09-11 16:00:00+00:00,4246.43,4280.0,4221.64,4251.03,21.13
2017-09-11 17:00:00+00:00,4252.99,4261.22,4199.06,4200.0,11.41
2017-09-11 18:00:00+00:00,4200.0,4233.85,4200.0,4202.68,8.58
2017-09-11 19:00:00+00:00,4202.7,4233.79,4158.84,4182.27,45.61
2017-09-11 20:00:00+00:00,4187.99,4188.0,4158.85,4164.52,9.38
2017-09-11 21:00:00+00:00,4162.05,4188.0,4159.16,4171.51,5.43
2017-09-11 22:00:00+00:00,4179.77,4211.57,4171.6,4211.07,7.52
2017-09-11 23:00:00+00:00,4211.06,4225.0,4199.01,4208.47,7.75
2017-09-12 00:00:00+00:00,4208.6,4245.0,4201.89,4241.8,9.91
2017-09-12 01:00:00+00:00,4239.39,4278.89,4236.97,4236.97,25.71
2017-09-12 02:00:00+00:00,4237.75,4305.01,4213.6,4269.13,40.19
2017-09-12 03:00:00+00:00,4258.18,4299.6,4258.18,4294.25,16.85
2017-09-12 04:00:00+00:00,4294.54,4329.0,4279.77,4296.18,31.42
2017-09-12 05:00:00+00:00,4301.43,4329.0,4298.01,4325.0,21.96
2017-09-12 06:00:00+00:00,4325.0,4378.51,4325.0,4366.0,32.35
2017-09-12 07:00:00+00:00,4370.1,4394.59,4329.5,4361.0,66.84
2017-09-12 08:00:00+00:00,4361.04,4373.67,4228.5,4293.14,50.37
2017-09-12 09:00:00+00:00,4290.92,4329.79,4280.01,4322.35,19.72
2017-09-12 10:00:00+00:00,4321.02,4330.0,4298.41,4330.0,17.26
2017-09-12 11:00:00+00:00,4332.5,4361.99,4330.0,4340.1,12.33
2017-09-12 12:00:00+00:00,4343.01,4345.92,4298.0,4314.81,13.92
2017-09-12 13:00:00+00:00,4307.43,4307.5,4234.0,4259.43,79.22
2017-09-12 14:00:00+00:00,4266.32,4282.7,4230.0,4273.01,77.53
2017-09-12 15:00:00+00:00,4276.5,4279.0,4240.01,4258.72,19.05
2017-09-12 16:00:00+00:00,4249.49,4279.99,4213.85,4279.99,42.36
2017-09-12 17:00:00+00:00,4279.99,4280.0,4200.0,4201.0,21.27
2017-09-12 18:00:00+00:00,4201.0,4202.0,4040.8,4094.25,155.39
2017-09-12 19:00:00+00:00,4100.0,4180.0,4076.35,4165.5,65.95
2017-09-12 20:00:00+00:00,4158.27,4158.27,4119.52,4150.12,9.39
2017-09-12 21:00:00+00:00,4149.14,4202.53,4146.13,4186.22,19.01
2017-09-12 22:00:00+00:00,4186.5,4193.47,4167.74,4178.52,10.12
2017-09-12 23:00:00+00:00,4176.6,4179.5,4101.68,4163.72,21.4
2017-09-13 00:00:00+00:00,4159.72,4165.38,4061.69,4128.97,33.72
2017-09-13 01:00:00+00:00,4116.5,4129.99,4088.22,4094.18,13.6
2017-09-13 02:00:00+00:00,4094.17,4094.17,4023.0,4023.0,47.32
2017-09-13 03:00:00+00:00,4026.5,4059.98,3916.0,3936.84,91.38
2017-09-13 04:00:00+00:00,3933.21,3957.94,3796.8,3944.93,108.61
2017-09-13 05:00:00+00:00,3933.0,3957.98,3897.28,3939.9,26.98
2017-09-13 06:00:00+00:00,3939.9,3977.96,3923.91,3949.82,24.86
2017-09-13 07:00:00+00:00,3969.99,3991.01,3874.01,3933.76,33.32
2017-09-13 08:00:00+00:00,3914.01,3945.01,3866.01,3938.24,19.97
2017-09-13 09:00:00+00:00,3938.69,3970.0,3867.5,3965.91,24.59
2017-09-13 10:00:00+00:00,3880.01,3949.99,3820.02,3820.02,54.89
2017-09-13 11:00:00+00:00,3821.02,3923.93,3820.0,3832.0,36.56
2017-09-13 12:00:00+00:00,3831.01,3940.01,3796.8,3904.99,89.04
2017-09-13 13:00:00+00:00,3904.99,3976.19,3831.0,3880.0,31.21
2017-09-13 14:00:00+00:00,3878.99,3878.99,3760.0,3791.66,72.35
2017-09-13 15:00:00+00:00,3760.14,3848.1,3760.14,3795.0,15.83
2017-09-13 16:00:00+00:00,3775.47,3944.0,3765.13,3944.0,26.4
2017-09-13 17:00:00+00:00,3935.06,3991.01,3920.0,3950.0,38.64
2017-09-13 18:00:00+00:00,3908.16,3983.0,3831.0,3901.0,55.12
2017-09-13 19:00:00+00:00,3895.1,3907.99,3831.02,3879.81,16.06
2017-09-13 20:00:00+00:00,3879.81,3890.94,3845.03,3890.93,9.62
2017-09-13 21:00:00+00:00,3890.54,3890.54,3848.65,3848.65,4.9
2017-09-13 22:00:00+00:00,3889.99,3984.58,3889.99,3945.01,21.78
2017-09-13 23:00:00+00:00,3945.0,3991.01,3890.93,3944.69,16.57
2017-09-14 00:00:00+00:00,3944.0,3949.87,3870.02,3903.5,20.08
2017-09-14 01:00:00+00:00,3903.5,3993.0,3903.5,3930.0,15.72
2017-09-14 02:00:00+00:00,3940.0,3943.98,3818.0,3850.25,52.31
2017-09-14 03:00:00+00:00,3850.3,3850.3,3800.02,3806.0,24.79
2017-09-14 04:00:00+00:00,3800.01,3890.0,3800.0,3840.0,28.73
2017-09-14 05:00:00+00:00,3850.0,3890.0,3818.03,3856.0,6.21
2017-09-14 06:00:00+00:00,3860.0,3870.0,3800.0,3807.28,29.81
2017-09-14 07:00:00+00:00,3820.0,3890.0,3813.69,3869.99,46.18
2017-09-14 08:00:00+00:00,3846.58,3889.98,3780.0,3810.01,82.55
2017-09-14 09:00:00+00:00,3810.0,3820.0,3761.01,3761.01,45.44
2017-09-14 10:00:00+00:00,3761.01,3790.0,3620.0,3671.14,131.24
2017-09-14 11:00:00+00:00,3700.0,3720.02,3418.0,3481.02,214.57
2017-09-14 12:00:00+00:00,3481.02,3666.0,3460.01,3489.99,92.33
2017-09-14 13:00:00+00:00,3480.0,3560.0,3395.0,3534.99,182.37
2017-09-14 14:00:00+00:00,3534.99,3619.99,3490.0,3596.89,112.88
2017-09-14 15:00:00+00:00,3596.9,3596.91,3489.04,3518.0,35.58
2017-09-14 16:00:00+00:00,3522.0,3533.97,3439.21,3460.0,39.34
2017-09-14 17:00:00+00:00,3459.99,3459.99,3325.27,3325.27,132.94
2017-09-14 18:00:00+00:00,3334.94,3485.32,3263.0,3442.28,80.04
2017-09-14 19:00:00+00:00,3443.0,3523.52,3340.06,3370.0,73.82
2017-09-14 20:00:00+00:00,3368.73,3450.0,3360.0,3386.01,36.51
2017-09-14 21:00:00+00:00,3369.41,3376.49,3285.0,3285.0,69.55
2017-09-14 22:00:00+00:00,3280.1,3345.66,3273.75,3329.0,42.49
2017-09-14 23:00:00+00:00,3327.0,3328.69,3165.13,3189.02,69.43
2017-09-15 00:00:00+00:00,3188.01,3380.0,3152.01,3318.99,60.2
2017-09-15 01:00:00+00:00,3310.0,3427.99,3298.45,3407.0,89.83
2017-09-15 02:00:00+00:00,3407.85,3460.0,3376.0,3390.0,62.87
2017-09-15 03:00:00+00:00,3397.92,3399.98,3336.2,3370.0,38.79
2017-09-15 04:00:00+00:00,3369.99,3380.0,3292.72,3309.81,26.26
2017-09-15 05:00:00+00:00,3308.46,3318.69,3224.03,3300.0,54.98
2017-09-15 06:00:00+00:00,3300.0,3324.31,3100.0,3100.0,121.35
2017-09-15 07:00:00+00:00,3097.91,3149.5,3031.0,3148.0,102.33
2017-09-15 08:00:00+00:00,3148.0,3148.0,3002.01,3110.0,66.27
2017-09-15 09:00:00+00:00,3110.0,3143.0,2915.01,2950.5,94.13
2017-09-15 10:00:00+00:00,2917.07,3000.0,2900.0,2950.0,68.96
2017-09-15 11:00:00+00:00,2947.0,2950.0,2817.0,2919.0,135.27
2017-09-15 12:00:00+00:00,2870.9,3370.0,2870.9,3330.0,207.78
2017-09-15 13:00:00+00:00,3332.99,3410.0,3134.01,3360.02,147.93
2017-09-15 14:00:00+00:00,3389.9,3856.0,3389.9,3780.0,200.61
2017-09-15 15:00:00+00:00,3750.01,3853.0,3608.05,3830.0,126.52
2017-09-15 16:00:00+00:00,3839.94,3839.98,3550.31,3565.01,90.02
2017-09-15 17:00:00+00:00,3590.0,3601.0,3483.0,3548.0,69.61
2017-09-15 18:00:00+00:00,3548.0,3650.0,3540.0,3560.09,39.42
2017-09-15 19:00:00+00:00,3560.09,3740.01,3560.09,3702.66,46.88
2017-09-15 20:00:00+00:00,3702.3,3726.0,3670.0,3710.0,28.1
2017-09-15 21:00:00+00:00,3710.0,3790.0,3675.03,3790.0,37.86
2017-09-15 22:00:00+00:00,3771.01,3799.9,3670.0,3750.0,26.06
2017-09-15 23:00:00+00:00,3725.12,3730.0,3658.04,3700.0,26.73
2017-09-16 00:00:00+00:00,3674.01,3760.0,3658.04,3735.0,26.14
2017-09-16 01:00:00+00:00,3727.01,3950.0,3727.01,3830.0,60.14
2017-09-16 02:00:00+00:00,3835.0,3937.99,3779.01,3818.98,48.4
2017-09-16 03:00:00+00:00,3810.0,3880.0,3751.0,3770.0,36.0
2017-09-16 04:00:00+00:00,3769.94,3830.0,3753.23,3830.0,36.04
2017-09-16 05:00:00+00:00,3839.99,3935.93,3778.9,3816.01,104.97
2017-09-16 06:00:00+00:00,3816.02,3846.0,3765.2,3792.0,86.29
2017-09-16 07:00:00+00:00,3790.11,3849.99,3790.0,3847.9,30.49
2017-09-16 08:00:00+00:00,3847.92,3850.0,3807.03,3839.75,43.27
2017-09-16 09:00:00+00:00,3816.03,3839.75,3753.0,3753.08,76.39
2017-09-16 10:00:00+00:00,3753.29,3753.29,3470.66,3480.0,175.25
2017-09-16 11:00:00+00:00,3490.0,3678.22,3490.0,3630.06,113.72
2017-09-16 12:00:00+00:00,3630.06,3667.99,3565.47,3630.0,51.17
2017-09-16 13:00:00+00:00,3610.0,3729.99,3531.01,3674.98,60.48
2017-09-16 14:00:00+00:00,3674.98,3800.0,3630.0,3630.0,58.98
2017-09-16 15:00:00+00:00,3639.99,3698.0,3550.0,3567.11,39.44
2017-09-16 16:00:00+00:00,3567.03,3650.0,3531.05,3650.0,71.31
2017-09-16 17:00:00+00:00,3590.76,3649.0,3550.01,3617.01,28.2
2017-09-16 18:00:00+00:00,3626.48,3714.99,3621.86,3681.0,59.85
2017-09-16 19:00:00+00:00,3681.0,3714.99,3664.0,3664.0,13.5
2017-09-16 20:00:00+00:00,3664.01,3714.95,3662.13,3662.13,20.57
2017-09-16 21:00:00+00:00,3662.13,3689.99,3600.6,3675.0,15.29
2017-09-16 22:00:00+00:00,3670.33,3712.97,3640.0,3710.0,21.86
2017-09-16 23:00:00+00:00,3710.0,3715.0,3672.01,3714.95,19.72
2017-09-17 00:00:00+00:00,3685.23,3709.94,3636.07,3670.0,20.73
2017-09-17 01:00:00+00:00,3670.0,3670.0,3601.0,3602.0,26.23
2017-09-17 02:00:00+00:00,3602.0,3650.0,3601.05,3640.02,29.22
2017-09-17 03:00:00+00:00,3641.01,3649.67,3580.0,3580.0,49.77
2017-09-17 04:00:00+00:00,3568.07,3604.79,3550.0,3560.01,15.2
2017-09-17 05:00:00+00:00,3560.0,3570.0,3550.0,3557.75,25.62
2017-09-17 06:00:00+00:00,3557.01,3599.84,3557.0,3563.05,21.27
2017-09-17 07:00:00+00:00,3563.06,3584.0,3558.0,3559.0,23.78
2017-09-17 08:00:00+00:00,3559.0,3559.0,3502.0,3535.01,67.28
2017-09-17 09:00:00+00:00,3535.01,3549.98,3521.16,3549.98,34.69
2017-09-17 10:00:00+00:00,3549.98,3609.39,3548.99,3577.44,25.89
2017-09-17 11:00:00+00:00,3574.99,3574.99,3499.02,3499.03,32.88
2017-09-17 12:00:00+00:00,3499.03,3579.99,3499.03,3538.31,11.7
2017-09-17 13:00:00+00:00,3570.0,3649.9,3538.31,3638.0,60.72
2017-09-17 14:00:00+00:00,3617.45,3660.0,3590.01,3648.86,32.54
2017-09-17 15:00:00+00:00,3630.01,3660.0,3612.11,3637.33,30.97
2017-09-17 16:00:00+00:00,3649.49,3730.0,3638.05,3700.0,25.26
2017-09-17 17:00:00+00:00,3700.0,3731.0,3680.01,3690.02,27.22
2017-09-17 18:00:00+00:00,3719.55,3731.0,3678.0,3715.02,16.19
2017-09-17 19:00:00+00:00,3716.01,3748.21,3700.0,3720.0,16.38
2017-09-17 20:00:00+00:00,3700.13,3738.0,3680.0,3690.0,16.35
2017-09-17 21:00:00+00:00,3690.0,3730.0,3679.15,3720.0,19.09
2017-09-17 22:00:00+00:00,3696.38,3739.0,3696.37,3720.0,31.68
2017-09-17 23:00:00+00:00,3710.0,3739.0,3683.22,3699.99,21.41
2017-09-18 00:00:00+00:00,3690.0,3741.0,3690.0,3731.01,18.21
2017-09-18 01:00:00+00:00,3731.03,3748.21,3730.25,3740.0,30.69
2017-09-18 02:00:00+00:00,3740.0,3845.78,3730.29,3845.78,41.96
2017-09-18 03:00:00+00:00,3845.78,3850.0,3758.01,3830.0,38.89
2017-09-18 04:00:00+00:00,3830.0,3839.98,3766.02,3769.06,37.19
2017-09-18 05:00:00+00:00,3769.07,3875.0,3760.0,3850.02,49.16
2017-09-18 06:00:00+00:00,3850.04,3950.03,3810.0,3950.01,51.35
2017-09-18 07:00:00+00:00,3950.01,4000.0,3922.02,3950.32,89.96
2017-09-18 08:00:00+00:00,3976.58,3976.58,3926.35,3950.32,35.92
2017-09-18 09:00:00+00:00,3951.0,3968.0,3890.0,3906.0,42.55
2017-09-18 10:00:00+00:00,3940.0,3940.0,3848.33,3931.23,40.5
2017-09-18 11:00:00+00:00,3928.0,3970.0,3911.58,3929.33,31.29
2017-09-18 12:00:00+00:00,3932.98,4074.35,3890.0,4040.01,86.47
2017-09-18 13:00:00+00:00,4050.0,4123.2,4040.08,4090.0,52.3
2017-09-18 14:00:00+00:00,4097.97,4097.99,3988.01,3988.01,87.26
2017-09-18 15:00:00+00:00,3988.01,4069.99,3942.01,4030.33,65.92
2017-09-18 16:00:00+00:00,4048.99,4048.99,3962.01,3969.52,39.39
2017-09-18 17:00:00+00:00,3976.99,3980.0,3928.33,3951.3,26.31
2017-09-18 18:00:00+00:00,3951.31,3999.0,3951.31,3980.99,24.01
2017-09-18 19:00:00+00:00,3980.99,4039.98,3941.05,3969.48,23.76
2017-09-18 20:00:00+00:00,3969.5,3984.99,3951.0,3951.5,13.69
2017-09-18 21:00:00+00:00,3984.99,4053.59,3970.0,4047.53,31.63
2017-09-18 22:00:00+00:00,4053.6,4085.0,4030.06,4030.1,40.64
2017-09-18 23:00:00+00:00,4043.49,4069.79,4010.01,4035.01,30.83
2017-09-19 00:00:00+00:00,4060.0,4089.97,3985.05,3985.05,41.09
2017-09-19 01:00:00+00:00,3985.05,4019.87,3938.0,3969.11,53.14
2017-09-19 02:00:00+00:00,3974.56,3990.0,3901.0,3961.0,38.74
2017-09-19 03:00:00+00:00,3960.0,3982.58,3950.0,3971.02,30.66
2017-09-19 04:00:00+00:00,3972.0,3981.19,3915.52,3915.52,51.03
2017-09-19 05:00:00+00:00,3910.0,3930.0,3830.91,3860.0,51.62
2017-09-19 06:00:00+00:00,3860.0,3980.0,3848.07,3964.92,42.08
2017-09-19 07:00:00+00:00,3960.0,3960.0,3872.83,3936.28,37.03
2017-09-19 08:00:00+00:00,3880.06,3979.99,3873.0,3932.02,18.59
2017-09-19 09:00:00+00:00,3932.02,3982.23,3921.01,3940.2,27.52
2017-09-19 10:00:00+00:00,3940.2,4000.0,3923.15,4000.0,39.79
2017-09-19 11:00:00+00:00,3990.13,4032.02,3969.0,3969.01,39.53
2017-09-19 12:00:00+00:00,3969.32,4019.96,3960.0,4016.26,36.7
2017-09-19 13:00:00+00:00,4016.48,4029.99,3930.0,3930.0,55.48
2017-09-19 14:00:00+00:00,3930.0,3979.0,3901.02,3946.37,49.16
2017-09-19 15:00:00+00:00,3933.0,3967.0,3923.0,3965.01,29.83
2017-09-19 16:00:00+00:00,3970.0,3990.0,3952.87,3961.9,26.17
2017-09-19 17:00:00+00:00,3960.02,4014.56,3960.01,3960.01,31.98
2017-09-19 18:00:00+00:00,3960.01,3999.15,3930.23,3960.0,20.0
2017-09-19 19:00:00+00:00,3940.01,3970.0,3871.99,3890.01,44.31
2017-09-19 20:00:00+00:00,3890.02,3913.99,3830.91,3842.04,62.78
2017-09-19 21:00:00+00:00,3869.58,3910.0,3838.0,3848.01,25.8
2017-09-19 22:00:00+00:00,3870.3,3905.95,3830.93,3882.71,29.12
2017-09-19 23:00:00+00:00,3882.7,3920.0,3882.7,3910.04,20.07
2017-09-20 00:00:00+00:00,3910.04,3923.26,3871.8,3875.0,24.29
2017-09-20 01:00:00+00:00,3887.5,3919.97,3850.5,3850.5,28.79
2017-09-20 02:00:00+00:00,3850.5,3908.99,3843.0,3875.38,29.72
2017-09-20 03:00:00+00:00,3876.01,3904.87,3875.38,3875.93,27.5
2017-09-20 04:00:00+00:00,3875.91,3875.91,3823.0,3849.98,24.2
2017-09-20 05:00:00+00:00,3849.98,3880.0,3820.0,3851.0,38.98
2017-09-20 06:00:00+00:00,3851.0,3950.0,3850.0,3950.0,42.57
2017-09-20 07:00:00+00:00,3950.0,3988.83,3910.71,3913.89,42.1
2017-09-20 08:00:00+00:00,3913.91,3979.99,3913.91,3944.8,27.81
2017-09-20 09:00:00+00:00,3928.25,3976.17,3920.21,3927.86,28.6
2017-09-20 10:00:00+00:00,3920.21,3930.0,3859.31,3928.35,26.14
2017-09-20 11:00:00+00:00,3928.35,3928.36,3885.24,3927.77,25.66
2017-09-20 12:00:00+00:00,3927.77,3954.17,3912.08,3912.16,18.4
2017-09-20 13:00:00+00:00,3929.23,3992.02,3915.02,3992.02,26.96
2017-09-20 14:00:00+00:00,3992.02,4046.08,3992.01,4012.98,64.17
2017-09-20 15:00:00+00:00,4012.98,4018.34,3983.1,4005.0,18.38
2017-09-20 16:00:00+00:00,3997.5,4029.95,3995.0,4016.98,19.77
2017-09-20 17:00:00+00:00,4027.74,4039.99,3997.01,4008.49,16.67
2017-09-20 18:00:00+00:00,4008.51,4020.01,3985.0,4015.99,38.18
2017-09-20 19:00:00+00:00,4015.99,4016.0,3962.76,3962.93,30.58
2017-09-20 20:00:00+00:00,3962.93,4000.0,3960.0,3988.32,24.21
2017-09-20 21:00:00+00:00,3980.11,3988.32,3960.0,3960.0,16.32
2017-09-20 22:00:00+00:00,3960.37,3988.32,3936.16,3968.58,17.6
2017-09-20 23:00:00+00:00,3968.58,3990.0,3860.09,3900.0,63.2
2017-09-21 00:00:00+00:00,3889.99,3910.0,3816.63,3830.0,78.04
2017-09-21 01:00:00+00:00,3840.0,3867.73,3819.01,3835.67,25.85
2017-09-21 02:00:00+00:00,3859.97,3884.45,3858.0,3868.0,24.92
2017-09-21 03:00:00+00:00,3868.0,3879.1,3820.0,3827.66,38.56
2017-09-21 04:00:00+00:00,3820.02,3860.0,3800.0,3852.71,36.17
2017-09-21 05:00:00+00:00,3852.71,3879.24,3828.0,3870.0,18.42
2017-09-21 06:00:00+00:00,3851.87,3899.0,3851.87,3864.99,21.75
2017-09-21 07:00:00+00:00,3864.99,3903.28,3853.01,3885.23,33.43
2017-09-21 08:00:00+00:00,3885.23,3900.0,3853.6,3871.99,17.8
2017-09-21 09:00:00+00:00,3871.99,3877.76,3835.88,3860.0,19.32
2017-09-21 10:00:00+00:00,3850.0,3904.81,3836.39,3871.48,11.53
2017-09-21 11:00:00+00:00,3904.68,3904.68,3850.0,3864.95,20.79
2017-09-21 12:00:00+00:00,3862.99,3865.0,3836.33,3858.08,23.46
2017-09-21 13:00:00+00:00,3863.0,3879.99,3840.24,3856.67,26.75
2017-09-21 14:00:00+00:00,3859.53,3870.74,3780.0,3782.55,60.41
2017-09-21 15:00:00+00:00,3782.55,3801.46,3668.6,3727.44,163.98
2017-09-21 16:00:00+00:00,3730.0,3747.48,3633.83,3670.0,57.26
2017-09-21 17:00:00+00:00,3670.0,3731.35,3653.95,3663.82,29.91
2017-09-21 18:00:00+00:00,3653.99,3709.98,3653.94,3673.65,38.23
2017-09-21 19:00:00+00:00,3673.65,3673.65,3592.62,3605.03,80.11
2017-09-21 20:00:00+00:00,3605.03,3660.0,3567.0,3630.0,62.66
2017-09-21 21:00:00+00:00,3641.0,3678.26,3616.78,3630.0,51.28
2017-09-21 22:00:00+00:00,3640.0,3678.25,3621.0,3627.12,29.7
2017-09-21 23:00:00+00:00,3632.03,3632.03,3572.86,3609.99,31.21
2017-09-22 00:00:00+00:00,3592.84,3647.3,3592.84,3647.29,28.47
2017-09-22 01:00:00+00:00,3647.29,3679.28,3641.66,3651.75,40.25
2017-09-22 02:00:00+00:00,3651.75,3669.35,3615.11,3617.24,21.91
2017-09-22 03:00:00+00:00,3617.24,3697.51,3617.24,3697.51,41.07
2017-09-22 04:00:00+00:00,3693.01,3750.0,3677.35,3732.46,59.79
2017-09-22 05:00:00+00:00,3720.0,3732.97,3681.17,3713.43,24.05
2017-09-22 06:00:00+00:00,3713.42,3740.0,3698.38,3731.54,29.29
2017-09-22 07:00:00+00:00,3740.0,3740.0,3658.46,3658.46,26.52
2017-09-22 08:00:00+00:00,3658.46,3669.0,3625.75,3647.7,27.05
2017-09-22 09:00:00+00:00,3650.0,3654.0,3600.0,3606.95,29.54
2017-09-22 10:00:00+00:00,3620.23,3620.23,3572.85,3572.85,42.01
2017-09-22 11:00:00+00:00,3577.84,3602.0,3522.22,3539.97,53.34
2017-09-22 12:00:00+00:00,3528.36,3599.99,3520.0,3592.12,35.73
2017-09-22 13:00:00+00:00,3599.9,3599.9,3547.91,3566.11,24.99
2017-09-22 14:00:00+00:00,3566.11,3645.99,3550.07,3596.49,52.53
2017-09-22 15:00:00+00:00,3596.0,3617.68,3505.55,3514.07,66.61
2017-09-22 16:00:00+00:00,3527.97,3572.14,3514.08,3550.0,26.59
2017-09-22 17:00:00+00:00,3569.95,3569.97,3520.0,3557.01,32.22
2017-09-22 18:00:00+00:00,3557.01,3580.0,3545.54,3559.99,24.3
2017-09-22 19:00:00+00:00,3559.99,3590.0,3542.92,3590.0,26.38
2017-09-22 20:00:00+00:00,3590.0,3626.24,3574.7,3607.21,36.94
2017-09-22 21:00:00+00:00,3607.21,3645.18,3574.93,3624.21,39.7
2017-09-22 22:00:00+00:00,3624.21,3644.25,3575.02,3597.2,31.22
2017-09-22 23:00:00+00:00,3590.83,3630.77,3590.0,3595.87,18.36
2017-09-23 00:00:00+00:00,3595.88,3615.06,3559.88,3599.72,28.29
2017-09-23 01:00:00+00:00,3599.72,3599.72,3542.91,3584.49,27.79
2017-09-23 02:00:00+00:00,3584.47,3620.0,3583.24,3620.0,21.73
2017-09-23 03:00:00+00:00,3620.0,3628.0,3600.9,3605.0,17.95
2017-09-23 04:00:00+00:00,3614.87,3679.8,3600.9,3677.35,44.71
2017-09-23 05:00:00+00:00,3677.34,3717.44,3666.67,3682.37,43.22
2017-09-23 06:00:00+00:00,3682.37,3717.44,3670.0,3692.75,23.54
2017-09-23 07:00:00+00:00,3696.0,3702.41,3669.5,3689.38,17.72
2017-09-23 08:00:00+00:00,3689.38,3738.0,3688.0,3734.61,32.41
2017-09-23 09:00:00+00:00,3719.01,3739.99,3704.41,3726.83,28.91
2017-09-23 10:00:00+00:00,3711.0,3780.0,3711.0,3770.01,33.94
2017-09-23 11:00:00+00:00,3779.0,3798.9,3755.01,3798.0,30.36
2017-09-23 12:00:00+00:00,3798.9,3817.19,3766.48,3768.01,45.47
2017-09-23 13:00:00+00:00,3779.3,3802.63,3719.56,3780.0,37.26
2017-09-23 14:00:00+00:00,3759.53,3796.8,3759.53,3770.01,30.98
2017-09-23 15:00:00+00:00,3770.01,3770.01,3717.57,3746.36,34.09
2017-09-23 16:00:00+00:00,3746.37,3760.39,3700.0,3750.24,45.64
2017-09-23 17:00:00+00:00,3769.99,3769.99,3741.11,3753.14,30.02
2017-09-23 18:00:00+00:00,3753.16,3769.99,3724.55,3734.61,34.61
2017-09-23 19:00:00+00:00,3734.6,3779.52,3734.53,3779.5,36.55
2017-09-23 20:00:00+00:00,3766.41,3785.57,3766.41,3779.65,28.06
2017-09-23 21:00:00+00:00,3780.0,3780.0,3725.01,3727.45,24.24
2017-09-23 22:00:00+00:00,3725.01,3763.52,3718.12,3731.58,20.68
2017-09-23 23:00:00+00:00,3733.02,3790.0,3733.02,3780.0,34.49
2017-09-24 00:00:00+00:00,3779.54,3789.99,3749.7,3749.7,21.81
2017-09-24 01:00:00+00:00,3749.7,3777.39,3731.54,3767.47,38.2
2017-09-24 02:00:00+00:00,3767.46,3779.99,3731.88,3764.49,24.09
2017-09-24 03:00:00+00:00,3764.49,3786.07,3764.47,3782.9,29.14
2017-09-24 04:00:00+00:00,3782.9,3783.99,3650.84,3672.66,84.29
2017-09-24 05:00:00+00:00,3672.66,3703.07,3650.82,3687.62,41.83
2017-09-24 06:00:00+00:00,3691.45,3718.85,3635.27,3635.27,32.09
2017-09-24 07:00:00+00:00,3635.27,3669.0,3622.76,3669.0,25.36
2017-09-24 08:00:00+00:00,3668.0,3675.67,3641.72,3641.75,18.99
2017-09-24 09:00:00+00:00,3660.0,3675.67,3627.19,3663.68,27.49
2017-09-24 10:00:00+00:00,3669.0,3698.31,3636.51,3647.26,33.04
2017-09-24 11:00:00+00:00,3647.26,3698.4,3637.82,3683.36,26.14
2017-09-24 12:00:00+00:00,3674.22,3697.99,3674.21,3674.65,27.12
2017-09-24 13:00:00+00:00,3674.65,3730.0,3674.65,3716.0,40.31
2017-09-24 14:00:00+00:00,3716.0,3728.0,3675.66,3676.01,26.98
2017-09-24 15:00:00+00:00,3676.01,3723.44,3675.65,3691.31,30.36
2017-09-24 16:00:00+00:00,3707.89,3707.9,3680.0,3690.0,21.44
2017-09-24 17:00:00+00:00,3675.6,3700.0,3675.6,3675.62,10.41
2017-09-24 18:00:00+00:00,3675.62,3687.37,3624.38,3648.84,39.73
2017-09-24 19:00:00+00:00,3672.04,3687.37,3648.84,3687.36,21.85
2017-09-24 20:00:00+00:00,3665.68,3707.94,3650.7,3653.76,30.97
2017-09-24 21:00:00+00:00,3653.76,3670.0,3653.69,3670.0,1.98
2017-09-24 22:00:00+00:00,3662.59,3680.0,3654.15,3670.01,1.15
2017-09-24 23:00:00+00:00,3680.01,3689.99,3660.0,3660.02,6.73
2017-09-25 00:00:00+00:00,3660.02,3677.92,3653.69,3656.69,20.55
2017-09-25 01:00:00+00:00,3656.69,3682.47,3655.0,3669.66,18.33
2017-09-25 02:00:00+00:00,3670.0,3772.0,3669.66,3742.07,72.62
2017-09-25 03:00:00+00:00,3742.07,3767.53,3735.0,3751.0,31.72
2017-09-25 04:00:00+00:00,3750.01,3815.74,3750.0,3797.01,76.0
2017-09-25 05:00:00+00:00,3797.01,3815.74,3770.0,3777.0,12.44
2017-09-25 06:00:00+00:00,3770.0,3793.19,3752.0,3768.0,29.41
2017-09-25 07:00:00+00:00,3768.0,3793.55,3762.97,3780.6,24.61
2017-09-25 08:00:00+00:00,3789.5,3793.56,3750.01,3764.0,32.92
2017-09-25 09:00:00+00:00,3753.01,3780.0,3747.94,3760.47,18.3
2017-09-25 10:00:00+00:00,3768.0,3803.77,3753.0,3800.0,14.19
2017-09-25 11:00:00+00:00,3800.0,3807.53,3770.0,3781.05,23.32
2017-09-25 12:00:00+00:00,3781.05,3807.52,3770.0,3791.99,21.56
2017-09-25 13:00:00+00:00,3792.04,3800.0,3779.0,3779.0,23.44
2017-09-25 14:00:00+00:00,3779.0,3945.0,3779.0,3937.75,69.7
2017-09-25 15:00:00+00:00,3937.84,3937.84,3880.0,3910.01,50.68
2017-09-25 16:00:00+00:00,3915.01,3979.87,3890.0,3910.0,51.17
2017-09-25 17:00:00+00:00,3890.0,3925.74,3887.8,3892.31,21.03
2017-09-25 18:00:00+00:00,3892.31,3925.75,3888.22,3906.19,27.34
2017-09-25 19:00:00+00:00,3903.0,3939.5,3900.01,3930.36,9.5
2017-09-25 20:00:00+00:00,3934.68,3963.0,3920.17,3939.0,18.18
2017-09-25 21:00:00+00:00,3939.0,3961.43,3939.0,3941.05,17.72
2017-09-25 22:00:00+00:00,3950.0,3957.47,3920.22,3920.22,16.08
2017-09-25 23:00:00+00:00,3925.28,3940.0,3904.19,3920.75,27.07
2017-09-26 00:00:00+00:00,3928.0,3949.0,3918.54,3949.0,25.45
2017-09-26 01:00:00+00:00,3949.0,3954.5,3928.18,3931.02,24.76
2017-09-26 02:00:00+00:00,3940.0,3959.56,3930.01,3953.01,20.97
2017-09-26 03:00:00+00:00,3953.0,3959.56,3886.67,3896.02,51.8
2017-09-26 04:00:00+00:00,3896.02,3937.19,3880.0,3910.0,37.42
2017-09-26 05:00:00+00:00,3920.0,3920.0,3850.05,3851.0,49.35
2017-09-26 06:00:00+00:00,3865.0,3890.0,3851.0,3870.0,24.4
2017-09-26 07:00:00+00:00,3880.0,3940.0,3870.0,3925.0,16.11
2017-09-26 08:00:00+00:00,3925.0,3937.98,3888.28,3913.0,27.04
2017-09-26 09:00:00+00:00,3910.0,3926.0,3888.28,3892.61,20.48
2017-09-26 10:00:00+00:00,3908.0,3944.95,3903.51,3937.0,20.49
2017-09-26 11:00:00+00:00,3937.0,3949.92,3928.34,3949.45,7.02
2017-09-26 12:00:00+00:00,3950.0,3976.99,3930.01,3941.0,16.43
2017-09-26 13:00:00+00:00,3941.0,3950.0,3928.33,3928.33,7.75
2017-09-26 14:00:00+00:00,3933.66,3954.98,3910.03,3910.29,14.96
2017-09-26 15:00:00+00:00,3948.91,3949.84,3892.51,3920.0,14.64
2017-09-26 16:00:00+00:00,3925.0,3939.99,3890.98,3897.0,19.75
2017-09-26 17:00:00+00:00,3897.0,3927.18,3890.98,3891.03,5.84
2017-09-26 18:00:00+00:00,3891.03,3920.0,3890.98,3900.0,4.76
2017-09-26 19:00:00+00:00,3900.02,3925.0,3900.02,3906.13,9.71
2017-09-26 20:00:00+00:00,3911.06,3927.0,3880.0,3888.7,21.74
2017-09-26 21:00:00+00:00,3918.99,3935.0,3888.69,3930.0,14.48
2017-09-26 22:00:00+00:00,3929.0,3934.9,3888.67,3904.97,44.32
2017-09-26 23:00:00+00:00,3892.26,3910.0,3882.35,3882.35,26.93
2017-09-27 00:00:00+00:00,3882.36,3910.0,3872.81,3901.0,10.57
2017-09-27 01:00:00+00:00,3901.0,3927.17,3901.0,3920.0,14.71
2017-09-27 02:00:00+00:00,3920.0,3934.9,3900.0,3910.01,16.26
2017-09-27 03:00:00+00:00,3925.04,3973.0,3910.02,3947.0,26.34
2017-09-27 04:00:00+00:00,3931.0,3964.99,3930.0,3940.0,9.98
2017-09-27 05:00:00+00:00,3940.0,3960.0,3930.0,3945.0,8.58
2017-09-27 06:00:00+00:00,3950.0,3960.0,3930.0,3950.0,11.93
2017-09-27 07:00:00+00:00,3949.0,3968.0,3932.0,3968.0,15.75
2017-09-27 08:00:00+00:00,3952.1,3969.0,3931.0,3937.51,16.88
2017-09-27 09:00:00+00:00,3939.1,3970.0,3937.01,3970.0,10.08
2017-09-27 10:00:00+00:00,3970.0,4075.43,3970.0,4075.43,62.36
2017-09-27 11:00:00+00:00,4065.0,4099.95,4050.0,4073.0,75.17
2017-09-27 12:00:00+00:00,4072.2,4099.95,4072.2,4096.63,27.97
2017-09-27 13:00:00+00:00,4092.0,4095.0,4053.4,4055.0,19.61
2017-09-27 14:00:00+00:00,4070.0,4100.0,4056.02,4097.0,49.78
2017-09-27 15:00:00+00:00,4091.0,4119.0,4068.0,4090.0,50.98
2017-09-27 16:00:00+00:00,4099.8,4119.0,4075.05,4110.0,35.75
2017-09-27 17:00:00+00:00,4110.01,4117.99,4088.0,4095.0,14.77
2017-09-27 18:00:00+00:00,4096.22,4186.96,4092.1,4156.5,63.18
2017-09-27 19:00:00+00:00,4180.0,4200.0,4134.0,4190.0,21.69
2017-09-27 20:00:00+00:00,4189.0,4200.0,4164.0,4195.0,9.75
2017-09-27 21:00:00+00:00,4176.1,4207.54,4152.01,4207.54,15.19
2017-09-27 22:00:00+00:00,4208.02,4249.93,4181.72,4207.95,23.77
2017-09-27 23:00:00+00:00,4186.0,4233.05,4185.1,4193.0,17.01
2017-09-28 00:00:00+00:00,4192.1,4219.99,4152.02,4152.02,39.96
2017-09-28 01:00:00+00:00,4180.0,4199.99,4160.0,4187.99,19.11
2017-09-28 02:00:00+00:00,4178.0,4197.97,4148.99,4170.0,41.0
2017-09-28 03:00:00+00:00,4150.01,4200.01,4140.01,4200.0,35.26
2017-09-28 04:00:00+00:00,4200.0,4300.0,4185.0,4242.01,41.16
2017-09-28 05:00:00+00:00,4242.01,4270.0,4200.01,4230.0,26.29
2017-09-28 06:00:00+00:00,4239.99,4258.83,4200.02,4235.01,20.13
2017-09-28 07:00:00+00:00,4255.0,4256.97,4223.95,4246.0,38.23
2017-09-28 08:00:00+00:00,4247.0,4269.99,4246.0,4267.89,26.95
2017-09-28 09:00:00+00:00,4269.0,4272.45,4230.0,4256.56,26.06
2017-09-28 10:00:00+00:00,4267.99,4269.0,4136.0,4148.0,48.85
2017-09-28 11:00:00+00:00,4140.96,4198.97,4140.0,4180.0,45.45
2017-09-28 12:00:00+00:00,4170.18,4201.1,4136.1,4189.02,57.82
2017-09-28 13:00:00+00:00,4189.02,4210.0,4150.01,4150.05,36.66
2017-09-28 14:00:00+00:00,4180.0,4195.0,4101.0,4128.99,55.08
2017-09-28 15:00:00+00:00,4128.0,4169.93,4101.0,4168.0,42.75
2017-09-28 16:00:00+00:00,4133.03,4209.5,4133.03,4154.0,22.3
2017-09-28 17:00:00+00:00,4162.0,4209.68,4154.0,4187.0,38.08
2017-09-28 18:00:00+00:00,4188.74,4190.0,4140.07,4147.01,27.89
2017-09-28 19:00:00+00:00,4147.01,4169.95,4110.0,4149.99,30.14
2017-09-28 20:00:00+00:00,4143.12,4169.96,4114.03,4129.99,38.91
2017-09-28 21:00:00+00:00,4131.87,4194.99,4130.0,4184.97,26.89
2017-09-28 22:00:00+00:00,4184.97,4190.0,4136.26,4150.0,50.53
2017-09-28 23:00:00+00:00,4150.0,4179.3,4140.05,4174.5,14.16
2017-09-29 00:00:00+00:00,4178.97,4195.99,4170.0,4195.97,23.6
2017-09-29 01:00:00+00:00,4190.37,4215.0,4150.0,4150.0,41.9
2017-09-29 02:00:00+00:00,4160.0,4189.96,4006.0,4008.01,180.81
2017-09-29 03:00:00+00:00,4025.0,4113.0,3952.01,4032.87,323.65
2017-09-29 04:00:00+00:00,4000.0,4113.81,4000.0,4100.0,138.87
2017-09-29 05:00:00+00:00,4100.0,4113.81,3970.0,4030.0,85.94
2017-09-29 06:00:00+00:00,4030.0,4079.99,4010.1,4053.15,47.48
2017-09-29 07:00:00+00:00,4053.15,4109.96,4051.01,4090.1,60.05
2017-09-29 08:00:00+00:00,4090.1,4135.0,4060.02,4129.97,44.17
2017-09-29 09:00:00+00:00,4119.68,4129.97,4060.05,4063.01,35.79
2017-09-29 10:00:00+00:00,4063.03,4145.3,4063.01,4145.3,57.23
2017-09-29 11:00:00+00:00,4145.3,4248.0,4145.3,4220.01,48.35
2017-09-29 12:00:00+00:00,4234.99,4251.0,4180.53,4247.0,55.52
2017-09-29 13:00:00+00:00,4247.1,4248.01,4131.68,4158.0,77.25
2017-09-29 14:00:00+00:00,4158.0,4210.0,4145.0,4146.01,38.11
2017-09-29 15:00:00+00:00,4146.01,4180.0,4142.01,4143.02,33.7
2017-09-29 16:00:00+00:00,4145.03,4259.99,4144.0,4200.01,47.85
